create database  payroll
use payroll
drop table Employee;
create table Employee(
emp_id varchar(11),
fname  varchar(14),
lname varchar(14),
gender varchar(11), 
age int,
contact_no decimal(11,0),
emp_email varchar(25),
emp_password varchar(11),
Primary key (emp_id)
);
Alter table Employee Drop column where emp_id ='e-5435';
INSERT INTO EMPLOYEE VALUES('e-34536', 'Rahul', 'Sharma', 'Male', 25, 6229421423,'rahul123@gmail.com', 'fdsaff');
INSERT INTO EMPLOYEE VALUES('e-34537', 'Mehul', 'dutt', 'Male', 27, 94340123452,'mehul123@gmail.com', 'ahsflk');
INSERT INTO EMPLOYEE VALUES('e-34538', 'Suresh', 'Shah', 'Male', 28, 9842340000,'suresh123@gmail.com', 'bdff22');
INSERT INTO EMPLOYEE VALUES('e-34539', 'Mahesh', 'Mehta', 'Male', 32, 6454589230,'mahesh@gmail.com', 'ciugta');
INSERT INTO EMPLOYEE VALUES('e-34540', 'Ramesh', 'Sodhi', 'Male', 30, 9090350909,'ramesh3@gmail.com', 'dvsdsf');
INSERT INTO EMPLOYEE VALUES('e-34541', 'Vipul', 'Gada', 'Male', 37, 9995245610,'vip8l@gmail.com', 'eckjao1');
INSERT INTO EMPLOYEE VALUES('e-34542', 'Bimal', 'Patil', 'Male', 22, 9723445234,'b1mal@gmail.com', 'gwer21');
INSERT INTO EMPLOYEE VALUES('e-34543', 'Rena', 'Bhide', 'Female', 24, 9679034789,'rena@gmail.com', 'h0cva');
INSERT INTO EMPLOYEE VALUES('e-34544', 'Priti', 'fernandez', 'Female', 29, 9563527722,'priti11@gmail.com', 'iiewr1');
INSERT INTO EMPLOYEE VALUES('e-34545', 'kimmi', 'Christian', 'Female', 32, 9312354321,'kimm1@gmail.com', 'jer134');
INSERT INTO EMPLOYEE VALUES('e-34546', 'Joie', 'Alves', 'Male', 31, 9200001311,'joie@gmail.com', 'klkme');
INSERT INTO EMPLOYEE VALUES('e-34547', 'Sydney', 'Dcostar', 'Female', 28, 9156298837,'sydney13@gmail.com', 'lem023');
INSERT INTO EMPLOYEE VALUES('e-34548', 'Gigatz', 'Henriques', 'Male', 29, 9083725178,'gigatz99@gmail.com', 'monedfr');
INSERT INTO EMPLOYEE VALUES('e-34549', 'Connor', 'Kolan', 'Male', 30, 8904547878,'connor53@gmail.com', 'nested');
INSERT INTO EMPLOYEE VALUES('e-34550', 'May', 'Martin', 'Female', 31, 8802312899,'may@gmail.com', 'oop234');
INSERT INTO EMPLOYEE VALUES('e-34551', 'jay', 'Torres', 'Male', 25, 8705656111,'jay61@gmail.com', 'pcaifo');
INSERT INTO EMPLOYEE VALUES('e-34552', 'August', 'donald', 'Male', 30, 8526621340,'aug121@gmail.com', 'qopdfs');
INSERT INTO EMPLOYEE VALUES('e-34553', 'Rahul', 'Sharma', 'Male', 25, 6229421423,'rahul123@gmail.com', 'fdsaff');
INSERT INTO EMPLOYEE VALUES('e-34554', 'Liam', 'Sharma', 'Male', 25, 6229421423,'rahul123@gmail.com', 'fdsaff');
INSERT INTO EMPLOYEE VALUES('e-34555', 'Noah', 'Sharma', 'Male', 25, 6229421423,'rahul123@gmail.com', 'fdsaff');
INSERT INTO EMPLOYEE VALUES('e-34556', 'Aakav', 'Sharma', 'Male', 25, 6229421423,'rahul123@gmail.com', 'fdsaff');
INSERT INTO EMPLOYEE VALUES('e-34557', 'Aakesh', 'Sharma', 'Male', 25, 6229421423,'rahul123@gmail.com', 'fdsaff');
INSERT INTO EMPLOYEE VALUES('e-34558', 'Aarav', 'Sharma', 'Male', 25, 6229421423,'rahul123@gmail.com', 'fdsaff');
INSERT INTO EMPLOYEE VALUES('e-34559', 'Chaitanva', 'Sharma', 'Male', 25, 6229421423,'rahul123@gmail.com', 'fdsaff');
INSERT INTO EMPLOYEE VALUES('e-34560', 'Chandran', 'Sharma', 'Male', 25, 6229421423,'rahul123@gmail.com', 'fdsaff');
INSERT INTO EMPLOYEE VALUES('e-34561', 'Darsh', 'Sharma', 'Male', 25, 6229421423,'rahul123@gmail.com', 'fdsaff');
INSERT INTO EMPLOYEE VALUES('e-34562', 'Darpan', 'Sharma', 'Male', 25, 6229421423,'rahul123@gmail.com', 'fdsaff');
INSERT INTO EMPLOYEE VALUES('e-34563', 'Ekansh', 'Sharma', 'Male', 25, 6229421423,'rahul123@gmail.com', 'fdsaff');
INSERT INTO EMPLOYEE VALUES('e-34564', 'Evak', 'Sharma', 'Male', 25, 6229421423,'rahul123@gmail.com', 'fdsaff');
INSERT INTO EMPLOYEE VALUES('e-34566', 'Girik', 'Sharma', 'Male', 25, 6229421423,'rahul123@gmail.com', 'fdsaff');
INSERT INTO EMPLOYEE VALUES('e-34567', 'Hredhaan', 'Sharma', 'Male', 25, 6229421423,'rahul123@gmail.com', 'fdsaff');
INSERT INTO EMPLOYEE VALUES('e-34568', 'Hemang', 'Sharma', 'Male', 25, 6229421423,'rahul123@gmail.com', 'fdsaff');
INSERT INTO EMPLOYEE VALUES('e-34569', 'Inesh', 'Sharma', 'Male', 25, 6229421423,'rahul123@gmail.com', 'fdsaff');
INSERT INTO EMPLOYEE VALUES('e-34570', 'Ishaan', 'Sharma', 'Male', 25, 6229421423,'rahul123@gmail.com', 'fdsaff');
INSERT INTO EMPLOYEE VALUES('e-34571', 'Jairaj', 'Sharma', 'Male', 25, 6229421423,'rahul123@gmail.com', 'fdsaff');
INSERT INTO EMPLOYEE VALUES('e-34572', 'Jihan', 'Sharma', 'Male', 25, 6229421423,'rahul123@gmail.com', 'fdsaff');
INSERT INTO EMPLOYEE VALUES('e-34573', 'Lekha', 'Sharma', 'Male', 25, 6229421423,'rahul123@gmail.com', 'fdsaff');
INSERT INTO EMPLOYEE VALUES('e-34574', 'Lohit', 'Sharma', 'Male', 25, 6229421423,'rahul123@gmail.com', 'fdsaff');
INSERT INTO EMPLOYEE VALUES('e-34575', 'Manbir', 'Sharma', 'Male', 25, 6229421423,'rahul123@gmail.com', 'fdsaff');
INSERT INTO EMPLOYEE VALUES('e-34576', 'Mayan', 'Sharma', 'Male', 25, 6229421423,'rahul123@gmail.com', 'fdsaff');
INSERT INTO EMPLOYEE VALUES('e-34577', 'Meet', 'Sharma', 'Male', 25, 6229421423,'rahul123@gmail.com', 'fdsaff');
INSERT INTO EMPLOYEE VALUES('e-34578', 'Nishit', 'Sharma', 'Male', 25, 6229421423,'rahul123@gmail.com', 'fdsaff');
INSERT INTO EMPLOYEE VALUES('e-34579', 'Nihal', 'Sharma', 'Male', 25, 6229421423,'rahul123@gmail.com', 'fdsaff');
INSERT INTO EMPLOYEE VALUES('e-34580', 'Onkar', 'Sharma', 'Male', 25, 6229421423,'rahul123@gmail.com', 'fdsaff');
INSERT INTO EMPLOYEE VALUES('e-34581', 'Aadya', 'Sharma', 'Male', 25, 6229421423,'rahul123@gmail.com', 'fdsaff');
INSERT INTO EMPLOYEE VALUES('e-34582', 'Aanya', 'Sharma', 'Male', 25, 6229421423,'rahul123@gmail.com', 'fdsaff');
INSERT INTO EMPLOYEE VALUES('e-34583', 'Aarna', 'Sharma', 'Male', 25, 6229421423,'rahul123@gmail.com', 'fdsaff');
INSERT INTO EMPLOYEE VALUES('e-34584', 'Bhavana', 'Sharma', 'Male', 25, 6229421423,'rahul123@gmail.com', 'fdsaff');
INSERT INTO EMPLOYEE VALUES('e-34585', 'Savani', 'Sharma', 'Male', 25, 6229421423,'rahul123@gmail.com', 'fdsaff');
INSERT INTO EMPLOYEE VALUES('e-34586', 'Aashvi', 'Sharma', 'Male', 25, 6229421423,'rahul123@gmail.com', 'fdsaff');
INSERT INTO EMPLOYEE VALUES('e-34587', 'Rutvi', 'Sharma', 'Male', 25, 6229421423,'rahul123@gmail.com', 'fdsaff');
INSERT INTO EMPLOYEE VALUES('e-34588', 'Prisha', 'Sharma', 'Male', 25, 6229421423,'rahul123@gmail.com', 'fdsaff');
INSERT INTO EMPLOYEE VALUES('e-34589', 'Aarvi', 'Sharma', 'Male', 25, 6229421423,'rahul123@gmail.com', 'fdsaff');
INSERT INTO EMPLOYEE VALUES('e-34590', 'Aasta', 'Sharma', 'Male', 25, 6229421423,'rahul123@gmail.com', 'fdsaff');
INSERT INTO EMPLOYEE VALUES('e-34591', 'Abai', 'Sharma', 'Male', 25, 6229421423,'rahul123@gmail.com', 'fdsaff');
INSERT INTO EMPLOYEE VALUES('e-34592', 'Ancy', 'Sharma', 'Male', 25, 6229421423,'rahul123@gmail.com', 'fdsaff');
INSERT INTO EMPLOYEE VALUES('e-34593', 'Atarah', 'Sharma', 'Male', 25, 6229421423,'rahul123@gmail.com', 'fdsaff');
INSERT INTO EMPLOYEE VALUES('e-34594', 'Calla', 'Sharma', 'Male', 25, 6229421423,'rahul123@gmail.com', 'fdsaff');
INSERT INTO EMPLOYEE VALUES('e-34595', 'Cora', 'Sharma', 'Male', 25, 6229421423,'rahul123@gmail.com', 'fdsaff');
INSERT INTO EMPLOYEE VALUES('e-34596', 'Danica', 'Sharma', 'Male', 25, 6229421423,'rahul123@gmail.com', 'fdsaff');
INSERT INTO EMPLOYEE VALUES('e-34597', 'Delaney', 'Sharma', 'Male', 25, 6229421423,'rahul123@gmail.com', 'fdsaff');
INSERT INTO EMPLOYEE VALUES('e-34598', 'Elora', 'Sharma', 'Male', 25, 6229421423,'rahul123@gmail.com', 'fdsaff');
INSERT INTO EMPLOYEE VALUES('e-34599', 'Esta', 'Sharma', 'Male', 25, 6229421423,'rahul123@gmail.com', 'fdsaff');
INSERT INTO EMPLOYEE VALUES('e-34600', 'Eve', 'Sharma', 'Male', 25, 6229421423,'rahul123@gmail.com', 'fdsaff');
INSERT INTO EMPLOYEE VALUES('e-34601', 'Joslyn', 'Sharma', 'Male', 25, 6229421423,'rahul123@gmail.com', 'fdsaff');
INSERT INTO EMPLOYEE VALUES('e-34602', 'Kaia', 'Sharma', 'Male', 25, 6229421423,'rahul123@gmail.com', 'fdsaff');
INSERT INTO EMPLOYEE VALUES('e-34603', 'Sena', 'Sharma', 'Male', 25, 6229421423,'rahul123@gmail.com', 'fdsaff');
INSERT INTO EMPLOYEE VALUES('e-34604', 'Rose', 'Sharma', 'Male', 25, 6229421423,'rahul123@gmail.com', 'fdsaff');
INSERT INTO EMPLOYEE VALUES('e-34605', 'Adrian', 'Sharma', 'Male', 25, 6229421423,'rahul123@gmail.com', 'fdsaff');
INSERT INTO EMPLOYEE VALUES('e-34606', 'Gerard', 'Sharma', 'Male', 25, 6229421423,'rahul123@gmail.com', 'fdsaff');
INSERT INTO EMPLOYEE VALUES('e-34607', 'Natan', 'Sharma', 'Male', 25, 6229421423,'rahul123@gmail.com', 'fdsaff');
INSERT INTO EMPLOYEE VALUES('e-34608', 'Isaac', 'Sharma', 'Male', 25, 6229421423,'rahul123@gmail.com', 'fdsaff');
INSERT INTO EMPLOYEE VALUES('e-34609', 'Kane', 'Sharma', 'Male', 25, 6229421423,'rahul123@gmail.com', 'fdsaff');
INSERT INTO EMPLOYEE VALUES('e-34610', 'Theo', 'Sharma', 'Male', 25, 6229421423,'rahul123@gmail.com', 'fdsaff');
INSERT INTO EMPLOYEE VALUES('e-34611', 'Samuel', 'Sharma', 'Male', 25, 6229421423,'rahul123@gmail.com', 'fdsaff');
INSERT INTO EMPLOYEE VALUES('e-34612', 'Elvin', 'Sharma', 'Male', 25, 6229421423,'rahul123@gmail.com', 'fdsaff');
INSERT INTO EMPLOYEE VALUES('e-34613', 'Simon', 'Sharma', 'Male', 25, 6229421423,'rahul123@gmail.com', 'fdsaff');
INSERT INTO EMPLOYEE VALUES('e-34614', 'Richard', 'Sharma', 'Male', 25, 6229421423,'rahul123@gmail.com', 'fdsaff');
INSERT INTO EMPLOYEE VALUES('e-34615', 'Vincent', 'Sharma', 'Male', 25, 6229421423,'rahul123@gmail.com', 'fdsaff');
INSERT INTO EMPLOYEE VALUES('e-34616', 'Michael', 'Sharma', 'Male', 25, 6229421423,'rahul123@gmail.com', 'fdsaff');
INSERT INTO EMPLOYEE VALUES('e-34617', 'Mark', 'Sharma', 'Male', 25, 6229421423,'rahul123@gmail.com', 'fdsaff');
INSERT INTO EMPLOYEE VALUES('e-34618', 'Ralph', 'Sharma', 'Male', 25, 6229421423,'rahul123@gmail.com', 'fdsaff');
INSERT INTO EMPLOYEE VALUES('e-34619', 'Eric', 'Sharma', 'Male', 25, 6229421423,'rahul123@gmail.com', 'fdsaff');
INSERT INTO EMPLOYEE VALUES('e-34620', 'Filbert', 'Sharma', 'Male', 25, 6229421423,'rahul123@gmail.com', 'fdsaff');
INSERT INTO EMPLOYEE VALUES('e-34621', 'Harold', 'Sharma', 'Male', 25, 6229421423,'rahul123@gmail.com', 'fdsaff');
INSERT INTO EMPLOYEE VALUES('e-34622', 'Hughe', 'Sharma', 'Male', 25, 6229421423,'rahul123@gmail.com', 'fdsaff');
INSERT INTO EMPLOYEE VALUES('e-34623', 'lUke', 'Sharma', 'Male', 25, 6229421423,'rahul123@gmail.com', 'fdsaff');
INSERT INTO EMPLOYEE VALUES('e-34624', 'Mauel', 'Sharma', 'Male', 25, 6229421423,'rahul123@gmail.com', 'fdsaff');
INSERT INTO EMPLOYEE VALUES('e-34625', 'Nicholas', 'Sharma', 'Male', 25, 6229421423,'rahul123@gmail.com', 'fdsaff');
INSERT INTO EMPLOYEE VALUES('e-34626', 'Othello', 'Sharma', 'Male', 25, 6229421423,'rahul123@gmail.com', 'fdsaff');
INSERT INTO EMPLOYEE VALUES('e-34627', 'Phile', 'Sharma', 'Male', 25, 6229421423,'rahul123@gmail.com', 'fdsaff');
INSERT INTO EMPLOYEE VALUES('e-34628', 'Radwan', 'Sharma', 'Male', 25, 6229421423,'rahul123@gmail.com', 'fdsaff');
INSERT INTO EMPLOYEE VALUES('e-34629', 'Ryan', 'Sharma', 'Male', 25, 6229421423,'rahul123@gmail.com', 'fdsaff');
INSERT INTO EMPLOYEE VALUES('e-34630', 'Simon', 'Sharma', 'Male', 25, 6229421423,'rahul123@gmail.com', 'fdsaff');
INSERT INTO EMPLOYEE VALUES('e-34631', 'Ted', 'Sharma', 'Male', 25, 6229421423,'rahul123@gmail.com', 'fdsaff');
INSERT INTO EMPLOYEE VALUES('e-34632', 'Ulrick', 'Sharma', 'Male', 25, 6229421423,'rahul123@gmail.com', 'fdsaff');
INSERT INTO EMPLOYEE VALUES('e-34633', 'Vivan', 'Sharma', 'Male', 25, 6229421423,'rahul123@gmail.com', 'fdsaff');
INSERT INTO EMPLOYEE VALUES('e-34634', 'Walter', 'Sharma', 'Male', 25, 6229421423,'rahul123@gmail.com', 'fdsaff');
INSERT INTO EMPLOYEE VALUES('e-34635', 'Wynn', 'Sharma', 'Male', 25, 6229421423,'rahul123@gmail.com', 'fdsaff');
INSERT INTO EMPLOYEE VALUES('e-34636', 'Xavier', 'Sharma', 'Male', 25, 6229421423,'rahul123@gmail.com', 'fdsaff');
INSERT INTO EMPLOYEE VALUES('e-34637', 'York', 'Sharma', 'Male', 25, 6229421423,'rahul123@gmail.com', 'fdsaff');
INSERT INTO EMPLOYEE VALUES('e-34638', 'Zacharias', 'Sharma', 'Male', 25, 6229421423,'rahul123@gmail.com', 'fdsaff');
INSERT INTO EMPLOYEE VALUES('e-34639', 'Zane', 'Sharma', 'Male', 25, 6229421423,'rahul123@gmail.com', 'fdsaff');
INSERT INTO EMPLOYEE VALUES('e-34640', 'Zebedee', 'Sharma', 'Male', 25, 6229421423,'rahul123@gmail.com', 'fdsaff');
INSERT INTO EMPLOYEE VALUES('e-34641', 'Zeth', 'Sharma', 'Male', 25, 6229421423,'rahul123@gmail.com', 'fdsaff');

Alter Table Employee drop row  

delete from employee where emp_id ='e-5435'

select *from Employee

Use Payroll


drop table Users;
create table Users(
admin_id varchar(11),
emp_id varchar(11),
fname  varchar(14),
lname varchar(14),
gender varchar(11), 
age int,
contact_no decimal(11,0),
emp_email varchar(25),
emp_password varchar(11),
Primary key (admin_id),
foreign key (emp_id) references Employee(emp_id)
);



Insert into Users values('a-111','e-34550','May', 'Martin', 'Female', 31, 8802312899,'may@gmail.com', 'oop234 ');
Insert into Users values('a-112','e-34542','Bimal', 'Patil', 'Male', 22, 9723445234,'b1mal@gmail.com', 'gwer21');

select *from Users

drop table job_department;
create table job_department(
job_id varchar(11),
job_dept varchar(14),
description  varchar(50),
salary_range varchar(50),
primary key (job_id)
);

select *from job_department
Insert into job_department values('j-780','IT', 'Works come first', '8k to 10k');
Insert into job_department values('j-781','IT', 'Works come first', '5k to 7k');
Insert into job_department values('j-782','Managment', 'We will be the best', '8k to 10k');
Insert into job_department values('j-783','Marketing', 'Welfare of customers', '5k to 7k');
Insert into job_department values('j-784','Sales','Employee must be discipline', '12k to 14k');
Insert into job_department values('j-785','Purchase','Buy the best', '8k to 10k');
Insert into job_department values('j-786','Marketing', 'Employee must be discipline', '12k to 14k');
Insert into job_department values('j-787','Sales','Employee must be discipline', '8k to 10k');
Insert into job_department values('j-788','Purchase','Buy the best' , '5k to 7k');
Insert into job_department values('j-789','IT', 'Works come first', '12k to 14k');
Insert into job_department values('j-790','Purchase', 'Works come first', '8k to 10k');
Insert into job_department values('j-791','Marketing', 'Welfare of customers', '5k to 7k');
Insert into job_department values('j-792','Marketing', 'Welfare of customers', '5k to 7k');
Insert into job_department values('j-793','Purchase', 'Employee must be discipline', '12k to 14k');
Insert into job_department values('j-794','Managment', 'We will be the best', '15k to 18k');
Insert into job_department values('j-795','Managment', 'We will be the best', '15k to 18k');
Insert into job_department values('j-796','Managment', 'We will be the best', '15k to 18k');

drop table Salary_or_bonus;
select *from Salary_or_bonus
Create table Salary_or_bonus(
salary_id varchar(11),
job_id varchar(11),
amount int,
annual int,
bonus int,
primary key (salary_id),
foreign key (job_id) references job_department(job_id)
);

Insert into Salary_or_bonus values('s-1050','j-780', 5760,NULL,NULL);
Insert into Salary_or_bonus values('s-1051','j-781', 6500, 84000, 6000);
Insert into Salary_or_bonus values('s-1052','j-782', 8500, 103000, 1000);
Insert into Salary_or_bonus values('s-1053','j-783', 4000, NULL, NULL);
Insert into Salary_or_bonus values('s-1054','j-784', 3200, NULL,NULL);
Insert into Salary_or_bonus values('s-1055','j-785', 9000, 111000, 3000);
Insert into Salary_or_bonus values('s-1056','j-786', 13000, 160000, 4000);
Insert into Salary_or_bonus values('s-1057','j-787', 9200, 112400, 2000);
Insert into Salary_or_bonus values('s-1058','j-788', 6700, 83400, 3000);
Insert into Salary_or_bonus values('s-1059','j-789', 1920, NULL, NULL);
Insert into Salary_or_bonus values('s-1060','j-790', 10000, 124000, 4000);
Insert into Salary_or_bonus values('s-1061','j-791', 5500, 72000, 6000);
Insert into Salary_or_bonus values('s-1062','j-792', 1920, NULL, NULL);
Insert into Salary_or_bonus values('s-1063','j-793', 12800, 156600, 3000);
Insert into Salary_or_bonus values('s-1064','j-794', 16000, 196000, 4000);
Insert into Salary_or_bonus values('s-1065','j-795', 7040,NULL,NULL);
Insert into Salary_or_bonus values('s-1066','j-796', 8800, NULL, NULL);


select *from Salary_or_bonus


drop table Leave;
Create table Leave(
leave_id varchar(11),
emp_id varchar(11),
dates date ,
reason text,
primary key (leave_id),
foreign key (emp_id) references Employee(emp_id)
);

Select *from leave;
INSERT INTO Leave Values('l-240', 'e-34536',NULL, NULL);
INSERT INTO Leave Values('l-241', 'e-34537','2017-9-25', 'High expences of travelling');
INSERT INTO Leave Values('l-242', 'e-34538','2017-3-12',  'Health issue');
INSERT INTO Leave Values('l-243', 'e-34539',NULL, NULL);
INSERT INTO Leave Values('l-244', 'e-34540',NULL, NULL);
INSERT INTO Leave Values('l-245', 'e-34541','2020-9-20', 'Got a better job');
INSERT INTO Leave Values('l-246', 'e-34542','2015-4-13', 'Health issue');
INSERT INTO Leave Values('l-247', 'e-34543','2020-5-10',  'High expences of travelling');
INSERT INTO Leave Values('l-248', 'e-34544','2020-9-10', 'Got a better job');
INSERT INTO Leave Values('l-249', 'e-34545',NULL,NULL);
INSERT INTO Leave Values('l-250', 'e-34546','2015-4-11', 'Health issue');
INSERT INTO Leave Values('l-251', 'e-34547','2020-9-20', 'Got a better job');
INSERT INTO Leave Values('l-252', 'e-34548',NULL,NULL);
INSERT INTO Leave Values('l-253', 'e-34549','2020-1-2', 'Got a better job');
INSERT INTO Leave Values('l-254', 'e-34550','2020-10-10', 'Got a better job');
INSERT INTO Leave Values('l-255', 'e-34551',NULL,NULL);
INSERT INTO Leave Values('l-256', 'e-34552',NULL,NULL);




select *from payroll
drop table payroll;
create table payroll(
payroll_id varchar(11),
emp_id varchar(11),
job_id varchar(11),
salary_id varchar(11),
leave_id varchar(11),
dates date,
total_amount int,
primary key (payroll_id),
foreign key (emp_id) references Employee(emp_id),
foreign key (job_id) references job_department(job_id),
foreign key (salary_id) references salary_or_bonus(salary_id),
foreign key (leave_id) references leave(leave_id)
);


Insert into  payroll values('p-98021','e-34536','j-780','s-1050','l-240','2017-2-21',5760);
Insert into  payroll values('p-98022','e-34537','j-781','s-1051','l-241','2021-10-7',4000);
Insert into  payroll values('p-98023','e-34538','j-782','s-1052','l-242','2021-10-7',NULL);
Insert into  payroll values('p-98024','e-34539','j-783','s-1053','l-243','2021-10-5',4000);
Insert into  payroll values('p-98025','e-34540','j-784','s-1054','l-244','2021-10-9',3200);
Insert into  payroll values('p-98026','e-34541','j-785','s-1055','l-245','2021-10-9',6000);
Insert into  payroll values('p-98027','e-34542','j-786','s-1056','l-246','2021-10-5',NULL);
Insert into  payroll values('p-98028','e-34543','j-787','s-1057','l-247','2021-10-10',2000);
Insert into  payroll values('p-98029','e-34544','j-788','s-1058','l-248','2021-10-5',1000);
Insert into  payroll values('p-98030','e-34545','j-789','s-1059','l-249','2021-10-2',1920);
Insert into  payroll values('p-98031','e-34546','j-790','s-1060','l-250','2021-10-7',1000);
Insert into  payroll values('p-98032','e-34547','j-791','s-1061','l-251','2021-10-10',NULL);
Insert into  payroll values('p-98033','e-34548','j-792','s-1062','l-252','2021-10-7',1920);
Insert into  payroll values('p-98034','e-34549','j-793','s-1063','l-253','2021-10-7',3000);
Insert into  payroll values('p-98035','e-34550','j-794','s-1064','l-254','2021-10-4',5000);
Insert into  payroll values('p-98036','e-34551','j-795','s-1065','l-255','2021-10-3',7040);
Insert into  payroll values('p-98037','e-34552','j-796','s-1066','l-256','2021-10-5',8800);


drop table worker_hours
create table workers_hours(
emp_id varchar(11),
total_hours int,
total_days int,
Amount int
foreign key (emp_id) references Employee(emp_id)
);
select *from workers_hours

Insert into workers_hours values('e-34536',12,6,5760);
Insert into workers_hours values('e-34539',10,5,4000);
Insert into workers_hours values('e-34540',8,5,3200);
Insert into workers_hours values('e-34545',8,3,1920);
Insert into workers_hours values('e-34548',12,2,1920);
Insert into workers_hours values('e-34551',11,8,7040);
Insert into workers_hours values('e-34552',11,10,8800);


select *from allowance
drop table allowance

Create table allowance (
emp_id varchar(11),
name_of_allowance varchar(30),
amount int,
dates date,
foreign key (emp_id) references Employee(emp_id)
);


INSERT INTO allowance Values('e-34540','House_rent',3000,'2020-4-15' );

select *from annual_medical

Create table annual_medical(
emp_id varchar(11),
date_of_checkup date,
diseases varchar(20),
report varchar(20),
foreign key (emp_id) references Employee(emp_id));

Insert into  annual_medical Values('e-34536','2021-2-15',NULL,'All good');
select *from HRexpences

drop table HRexpences
Create table HRexpences(
event varchar(30),
amount int,
dept_name varchar(11),
date_of_event date,
organizer varchar(11),
foreign key (organizer) references job_department(job_id)
);

Insert into HRexpences values('Motivational',5000,'IT','2020-6-29','j-781');

